{"visual":{"name":"NavigationMenuVisual","displayName":"Navigation Menu","guid":"NavigationMenuVisualA8F2C14D9B3E4F7A8D5E6C9F1A2B3D4E","visualClassName":"Visual","version":"1.0.0.0","description":"Interactive navigation menu visual for Power BI with slide-out panel for filters and slicers","supportUrl":"https://github.com/markusbegerow/powerbi-navigation-menu","gitHubUrl":"https://github.com/markusbegerow/powerbi-navigation-menu"},"apiVersion":"5.3.0","author":{"name":"Power BI User","email":"user@powerbi.com"},"assets":{"icon":"assets/icon.png"},"externalJS":null,"style":"style/visual.less","capabilities":"capabilities.json","dependencies":null,"stringResources":[],"version":"1.0.0.0"}
